/*
문서명 : DML-DM02-Guide.sql (3/9)
작성자 : 클라&서버 2조
작성일자 : 2019.07.26.
프로젝트명 : Tramap_Basket
프로그램명 : 자유여행사 사이트(Travel+Map+Basket)
프로그램 설명 : JSP와 Database 기반의 프로그램입니다.
URL Link : https://github.com/Chanmi-Kim/Tra-Map-Basket
*/


--가이드추가할차례
--가이드
INSERT INTO tblGuide(guide_id, pw, name, gender, age, picture, description, regdate, isDelete)
    VALUES('G0001','java1234', '뽀이 뜨리차다', 2, 28,'G0001.png', '인터넷에선 찾을 수 없는 현지인만 아는 정보를 제공하고, 친구처럼 편한 가이드로 모시겠습니다.', '2019-07-10', 1);
INSERT INTO tblGuide(guide_id, pw, name, gender, age, picture, description, regdate, isDelete)
    VALUES('G0002','java1234', '피야퐁 피우온', 1, 30,'G0002.png', '가이드 설명 상의해서 넣기', '2019-07-10', 1);
INSERT INTO tblGuide(guide_id, pw, name, gender, age, picture, description, regdate, isDelete)
    VALUES('G0003','java1234', '이지은', 2, 30,'G0003.png', '가이드 설명 상의해서 넣기', '2019-07-10', 1);
INSERT INTO tblGuide(guide_id, pw, name, gender, age, picture, description, regdate, isDelete)
    VALUES('G0004','java1234', '김수철', 1, 30,'G0004.png', '가이드 설명 상의해서 넣기', '2019-07-10', 1);
    

INSERT INTO tblGuide(guide_id, pw, name, gender, age, picture, description, regdate, isDelete)
    VALUES('G0005','java1234', '위라세타꾼', 1, 30,'G0005.png', '가이드 설명 상의해서 넣기', '2019-07-11', 1);
INSERT INTO tblGuide(guide_id, pw, name, gender, age, picture, description, regdate, isDelete)
    VALUES('G0006','java1234', '타논 바라야', 1, 30,'G0006.png', '가이드 설명 상의해서 넣기', '2019-07-11', 1);
INSERT INTO tblGuide(guide_id, pw, name, gender, age, picture, description, regdate, isDelete)
    VALUES('G0007','java1234', '남삭노이', 1, 30,'G0007.png', '가이드 설명 상의해서 넣기', '2019-07-11', 1);
INSERT INTO tblGuide(guide_id, pw, name, gender, age, picture, description, regdate, isDelete)
    VALUES('G0008','java1234', '오지윤', 2, 30,'G0008.png', '가이드 설명 상의해서 넣기', '2019-07-11', 1);
INSERT INTO tblGuide(guide_id, pw, name, gender, age, picture, description, regdate, isDelete)
    VALUES('G0009','java1234', '토니 쟈', 1, 30,'G0009.png', '가이드 설명 상의해서 넣기', '2019-07-11', 1);
    

INSERT INTO tblGuide(guide_id, pw, name, gender, age, picture, description, regdate, isDelete)
    VALUES('G0010','java1234', '마리오 마우러', 1, 30,'G0010.png', '가이드 설명 상의해서 넣기', '2019-07-11', 1);
INSERT INTO tblGuide(guide_id, pw, name, gender, age, picture, description, regdate, isDelete)
    VALUES('G0011','java1234', '리쯔팅', 1, 30,'G0011.png', '가이드 설명 상의해서 넣기', '2019-07-11', 1);
INSERT INTO tblGuide(guide_id, pw, name, gender, age, picture, description, regdate, isDelete)
    VALUES('G0012','java1234', '폼 비푸릿', 1, 30,'G0012.png', '가이드 설명 상의해서 넣기', '2019-07-11', 1);
INSERT INTO tblGuide(guide_id, pw, name, gender, age, picture, description, regdate, isDelete)
    VALUES('G0013','java1234', '푸미폰', 1, 30,'G0013.png', '가이드 설명 상의해서 넣기', '2019-07-11', 1);
INSERT INTO tblGuide(guide_id, pw, name, gender, age, picture, description, regdate, isDelete)
    VALUES('G0014','java1234', '아둔야뎃', 1, 30,'G0014.png', '가이드 설명 상의해서 넣기', '2019-07-11', 1);
    

INSERT INTO tblGuide(guide_id, pw, name, gender, age, picture, description, regdate, isDelete)
    VALUES('G0015','java1234', '쁘아까오', 1, 30,'G0015.png', '가이드 설명 상의해서 넣기', '2019-07-11', 1);
INSERT INTO tblGuide(guide_id, pw, name, gender, age, picture, description, regdate, isDelete)
    VALUES('G0016','java1234', '카오클라이', 1, 30,'G0016.png', '가이드 설명 상의해서 넣기', '2019-07-11', 1);
INSERT INTO tblGuide(guide_id, pw, name, gender, age, picture, description, regdate, isDelete)
    VALUES('G0017','java1234', '카엔노르싱', 1, 30,'G0017.png', '가이드 설명 상의해서 넣기', '2019-07-11', 1);
INSERT INTO tblGuide(guide_id, pw, name, gender, age, picture, description, regdate, isDelete)
    VALUES('G0018','java1234', '이예찬', 1, 30,'G0018.png', '가이드 설명 상의해서 넣기', '2019-07-11', 1);
INSERT INTO tblGuide(guide_id, pw, name, gender, age, picture, description, regdate, isDelete)
    VALUES('G0019','java1234', '매킨타이어', 1, 30,'G0019.png', '가이드 설명 상의해서 넣기', '2019-07-11', 1);


INSERT INTO tblGuide(guide_id, pw, name, gender, age, picture, description, regdate, isDelete)
    VALUES('G0020','java1234', '람로완', 1, 30,'G0020.png', '가이드 설명 상의해서 넣기', '2019-07-11', 1);
INSERT INTO tblGuide(guide_id, pw, name, gender, age, picture, description, regdate, isDelete)
    VALUES('G0021','java1234', '찬차이', 1, 30,'G0021.png', '가이드 설명 상의해서 넣기', '2019-07-11', 1);
INSERT INTO tblGuide(guide_id, pw, name, gender, age, picture, description, regdate, isDelete)
    VALUES('G0022','java1234', '사디라', 1, 30,'G0022.png', '가이드 설명 상의해서 넣기', '2019-07-11', 1);
INSERT INTO tblGuide(guide_id, pw, name, gender, age, picture, description, regdate, isDelete)
    VALUES('G0023','java1234', '쁘락묵', 1, 30,'G0023.png', '가이드 설명 상의해서 넣기', '2019-07-11', 1);

COMMIT;
--가이드추가시 07-10보다만 더 후면됨

    
--가이드 스케줄
    --뽀이 뜨리차다의 4일차 스케줄
INSERT INTO tblGuideSchedule(guideSchedule_seq, guide_id, issuedate, state) 
    VALUES(1, 'G0001', '2019-08-22', 1);
INSERT INTO tblGuideSchedule(guideSchedule_seq, guide_id, issuedate, state) 
    VALUES(2, 'G0001', '2019-08-23', 1);
INSERT INTO tblGuideSchedule(guideSchedule_seq, guide_id, issuedate, state) 
    VALUES(3, 'G0001', '2019-08-24', 1);
INSERT INTO tblGuideSchedule(guideSchedule_seq, guide_id, issuedate, state) 
    VALUES(4, 'G0001', '2019-08-25', 1);  


    

    --피야퐁 피우온의 4일차 스케줄
INSERT INTO tblGuideSchedule(guideSchedule_seq, guide_id, issuedate, state) 
    VALUES(5, 'G0002', '2019-08-22', 1);
INSERT INTO tblGuideSchedule(guideSchedule_seq, guide_id, issuedate, state) 
    VALUES(6, 'G0002', '2019-08-23', 1);
INSERT INTO tblGuideSchedule(guideSchedule_seq, guide_id, issuedate, state) 
    VALUES(7, 'G0002', '2019-08-24', 1);
INSERT INTO tblGuideSchedule(guideSchedule_seq, guide_id, issuedate, state) 
    VALUES(8, 'G0002', '2019-08-25', 1);
    --이지은의 4일차 스케줄
INSERT INTO tblGuideSchedule(guideSchedule_seq, guide_id, issuedate, state) 
    VALUES(9, 'G0003', '2019-08-22', 1);
INSERT INTO tblGuideSchedule(guideSchedule_seq, guide_id, issuedate, state) 
    VALUES(10, 'G0003', '2019-08-23', 1);
INSERT INTO tblGuideSchedule(guideSchedule_seq, guide_id, issuedate, state) 
    VALUES(11, 'G0003', '2019-08-24', 1);
INSERT INTO tblGuideSchedule(guideSchedule_seq, guide_id, issuedate, state) 
    VALUES(12, 'G0003', '2019-08-25', 1);
    --김수철의 4일차 스케줄
INSERT INTO tblGuideSchedule(guideSchedule_seq, guide_id, issuedate, state) 
    VALUES(13, 'G0004', '2019-08-22', 1);
INSERT INTO tblGuideSchedule(guideSchedule_seq, guide_id, issuedate, state) 
    VALUES(14, 'G0004', '2019-08-23', 1);
INSERT INTO tblGuideSchedule(guideSchedule_seq, guide_id, issuedate, state) 
    VALUES(15, 'G0004', '2019-08-24', 1);
INSERT INTO tblGuideSchedule(guideSchedule_seq, guide_id, issuedate, state) 
    VALUES(16, 'G0004', '2019-08-25', 1);


--리뷰용 가이드 스케줄
INSERT INTO tblGuideSchedule(guideSchedule_seq, guide_id, issuedate, state) 
    VALUES(17, 'G0001', '2019-07-13', 1);  
INSERT INTO tblGuideSchedule(guideSchedule_seq, guide_id, issuedate, state) 
    VALUES(18, 'G0001', '2019-07-14', 1); 
INSERT INTO tblGuideSchedule(guideSchedule_seq, guide_id, issuedate, state) 
    VALUES(19, 'G0001', '2019-07-15', 1);  
    
INSERT INTO tblGuideSchedule(guideSchedule_seq, guide_id, issuedate, state) 
    VALUES(20, 'G0002', '2019-07-14', 1);  
INSERT INTO tblGuideSchedule(guideSchedule_seq, guide_id, issuedate, state) 
    VALUES(21, 'G0002', '2019-07-15', 1); 
INSERT INTO tblGuideSchedule(guideSchedule_seq, guide_id, issuedate, state) 
    VALUES(22, 'G0002', '2019-07-16', 1);  
    
INSERT INTO tblGuideSchedule(guideSchedule_seq, guide_id, issuedate, state) 
    VALUES(23, 'G0003', '2019-07-14', 1);  
INSERT INTO tblGuideSchedule(guideSchedule_seq, guide_id, issuedate, state) 
    VALUES(24, 'G0003', '2019-07-15', 1); 
INSERT INTO tblGuideSchedule(guideSchedule_seq, guide_id, issuedate, state) 
    VALUES(25, 'G0003', '2019-07-16', 1);  

--COMMIT;
--가이드별 담당 관광지
INSERT INTO tblGuideTouristSpot(guideTouristSpot_seq, guide_id, touristSpot_seq, price)
    VALUES(1, 'G0001', 1, 33000);
INSERT INTO tblGuideTouristSpot(guideTouristSpot_seq, guide_id, touristSpot_seq, price)
    VALUES(2, 'G0001', 2, 45000);

INSERT INTO tblGuideTouristSpot(guideTouristSpot_seq, guide_id, touristSpot_seq, price)
    VALUES(3, 'G0002', 3, 30000);
INSERT INTO tblGuideTouristSpot(guideTouristSpot_seq, guide_id, touristSpot_seq, price)
    VALUES(4, 'G0002', 4, 45000);
INSERT INTO tblGuideTouristSpot(guideTouristSpot_seq, guide_id, touristSpot_seq, price)
    VALUES(5, 'G0002', 5, 32000);
    
INSERT INTO tblGuideTouristSpot(guideTouristSpot_seq, guide_id, touristSpot_seq, price)
    VALUES(6, 'G0003', 6, 36000);
INSERT INTO tblGuideTouristSpot(guideTouristSpot_seq, guide_id, touristSpot_seq, price)
    VALUES(7, 'G0003', 7, 43000);
INSERT INTO tblGuideTouristSpot(guideTouristSpot_seq, guide_id, touristSpot_seq, price)
    VALUES(8, 'G0003', 8, 58000);
    
INSERT INTO tblGuideTouristSpot(guideTouristSpot_seq, guide_id, touristSpot_seq, price)
    VALUES(9, 'G0004', 9, 38000); 


--가이드 담당 관광지 추가
INSERT INTO tblGuideTouristSpot(guideTouristSpot_seq, guide_id, touristSpot_seq, price)
    VALUES(10, 'G0001', 3, 33000);
INSERT INTO tblGuideTouristSpot(guideTouristSpot_seq, guide_id, touristSpot_seq, price)
    VALUES(11, 'G0002', 6, 33000);
INSERT INTO tblGuideTouristSpot(guideTouristSpot_seq, guide_id, touristSpot_seq, price)
    VALUES(12, 'G0003', 9, 33000);


--가이드 담당 관광지 추가++++
-- 1일차전용
INSERT INTO tblGuideTouristSpot(guideTouristSpot_seq, guide_id, touristSpot_seq, price)
    VALUES(NVL((SELECT MAX(guideTouristSpot_seq) FROM tblGuideTouristSpot)+1,1), 'G0005', 1, 33000);
INSERT INTO tblGuideTouristSpot(guideTouristSpot_seq, guide_id, touristSpot_seq, price)
    VALUES(NVL((SELECT MAX(guideTouristSpot_seq) FROM tblGuideTouristSpot)+1,1), 'G0006', 1, 32000);
INSERT INTO tblGuideTouristSpot(guideTouristSpot_seq, guide_id, touristSpot_seq, price)
    VALUES(NVL((SELECT MAX(guideTouristSpot_seq) FROM tblGuideTouristSpot)+1,1), 'G0007', 1, 34000);
INSERT INTO tblGuideTouristSpot(guideTouristSpot_seq, guide_id, touristSpot_seq, price)
    VALUES(NVL((SELECT MAX(guideTouristSpot_seq) FROM tblGuideTouristSpot)+1,1), 'G0008', 1, 36000);
INSERT INTO tblGuideTouristSpot(guideTouristSpot_seq, guide_id, touristSpot_seq, price)
    VALUES(NVL((SELECT MAX(guideTouristSpot_seq) FROM tblGuideTouristSpot)+1,1), 'G0009', 1, 30000);

INSERT INTO tblGuideTouristSpot(guideTouristSpot_seq, guide_id, touristSpot_seq, price)
    VALUES(NVL((SELECT MAX(guideTouristSpot_seq) FROM tblGuideTouristSpot)+1,1), 'G0005', 2, 33000);
INSERT INTO tblGuideTouristSpot(guideTouristSpot_seq, guide_id, touristSpot_seq, price)
    VALUES(NVL((SELECT MAX(guideTouristSpot_seq) FROM tblGuideTouristSpot)+1,1), 'G0006', 2, 32000);
INSERT INTO tblGuideTouristSpot(guideTouristSpot_seq, guide_id, touristSpot_seq, price)
    VALUES(NVL((SELECT MAX(guideTouristSpot_seq) FROM tblGuideTouristSpot)+1,1), 'G0007', 2, 34000);
INSERT INTO tblGuideTouristSpot(guideTouristSpot_seq, guide_id, touristSpot_seq, price)
    VALUES(NVL((SELECT MAX(guideTouristSpot_seq) FROM tblGuideTouristSpot)+1,1), 'G0008', 2, 36000);
INSERT INTO tblGuideTouristSpot(guideTouristSpot_seq, guide_id, touristSpot_seq, price)
    VALUES(NVL((SELECT MAX(guideTouristSpot_seq) FROM tblGuideTouristSpot)+1,1), 'G0009', 2, 30000);  
    
    
-- 2일차전용
INSERT INTO tblGuideTouristSpot(guideTouristSpot_seq, guide_id, touristSpot_seq, price)
    VALUES(NVL((SELECT MAX(guideTouristSpot_seq) FROM tblGuideTouristSpot)+1,1), 'G0010', 3, 33000);
INSERT INTO tblGuideTouristSpot(guideTouristSpot_seq, guide_id, touristSpot_seq, price)
    VALUES(NVL((SELECT MAX(guideTouristSpot_seq) FROM tblGuideTouristSpot)+1,1), 'G0011', 3, 32000);
INSERT INTO tblGuideTouristSpot(guideTouristSpot_seq, guide_id, touristSpot_seq, price)
    VALUES(NVL((SELECT MAX(guideTouristSpot_seq) FROM tblGuideTouristSpot)+1,1), 'G0012', 3, 34000);
INSERT INTO tblGuideTouristSpot(guideTouristSpot_seq, guide_id, touristSpot_seq, price)
    VALUES(NVL((SELECT MAX(guideTouristSpot_seq) FROM tblGuideTouristSpot)+1,1), 'G0013', 3, 36000);
INSERT INTO tblGuideTouristSpot(guideTouristSpot_seq, guide_id, touristSpot_seq, price)
    VALUES(NVL((SELECT MAX(guideTouristSpot_seq) FROM tblGuideTouristSpot)+1,1), 'G0014', 3, 30000);  


INSERT INTO tblGuideTouristSpot(guideTouristSpot_seq, guide_id, touristSpot_seq, price)
    VALUES(NVL((SELECT MAX(guideTouristSpot_seq) FROM tblGuideTouristSpot)+1,1), 'G0010', 4, 33000);
INSERT INTO tblGuideTouristSpot(guideTouristSpot_seq, guide_id, touristSpot_seq, price)
    VALUES(NVL((SELECT MAX(guideTouristSpot_seq) FROM tblGuideTouristSpot)+1,1), 'G0011', 4, 32000);
INSERT INTO tblGuideTouristSpot(guideTouristSpot_seq, guide_id, touristSpot_seq, price)
    VALUES(NVL((SELECT MAX(guideTouristSpot_seq) FROM tblGuideTouristSpot)+1,1), 'G0012', 4, 34000);
INSERT INTO tblGuideTouristSpot(guideTouristSpot_seq, guide_id, touristSpot_seq, price)
    VALUES(NVL((SELECT MAX(guideTouristSpot_seq) FROM tblGuideTouristSpot)+1,1), 'G0013', 4, 36000);
INSERT INTO tblGuideTouristSpot(guideTouristSpot_seq, guide_id, touristSpot_seq, price)
    VALUES(NVL((SELECT MAX(guideTouristSpot_seq) FROM tblGuideTouristSpot)+1,1), 'G0014', 4, 30000);  
    
    
INSERT INTO tblGuideTouristSpot(guideTouristSpot_seq, guide_id, touristSpot_seq, price)
    VALUES(NVL((SELECT MAX(guideTouristSpot_seq) FROM tblGuideTouristSpot)+1,1), 'G0010', 5, 33000);
INSERT INTO tblGuideTouristSpot(guideTouristSpot_seq, guide_id, touristSpot_seq, price)
    VALUES(NVL((SELECT MAX(guideTouristSpot_seq) FROM tblGuideTouristSpot)+1,1), 'G0011', 5, 32000);
INSERT INTO tblGuideTouristSpot(guideTouristSpot_seq, guide_id, touristSpot_seq, price)
    VALUES(NVL((SELECT MAX(guideTouristSpot_seq) FROM tblGuideTouristSpot)+1,1), 'G0012', 5, 34000);
INSERT INTO tblGuideTouristSpot(guideTouristSpot_seq, guide_id, touristSpot_seq, price)
    VALUES(NVL((SELECT MAX(guideTouristSpot_seq) FROM tblGuideTouristSpot)+1,1), 'G0013', 5, 36000);
INSERT INTO tblGuideTouristSpot(guideTouristSpot_seq, guide_id, touristSpot_seq, price)
    VALUES(NVL((SELECT MAX(guideTouristSpot_seq) FROM tblGuideTouristSpot)+1,1), 'G0014', 5, 30000); 
    
--3일차전용
INSERT INTO tblGuideTouristSpot(guideTouristSpot_seq, guide_id, touristSpot_seq, price)
    VALUES(NVL((SELECT MAX(guideTouristSpot_seq) FROM tblGuideTouristSpot)+1,1), 'G0015', 6, 33000);
INSERT INTO tblGuideTouristSpot(guideTouristSpot_seq, guide_id, touristSpot_seq, price)
    VALUES(NVL((SELECT MAX(guideTouristSpot_seq) FROM tblGuideTouristSpot)+1,1), 'G0016', 6, 32000);
INSERT INTO tblGuideTouristSpot(guideTouristSpot_seq, guide_id, touristSpot_seq, price)
    VALUES(NVL((SELECT MAX(guideTouristSpot_seq) FROM tblGuideTouristSpot)+1,1), 'G0017', 6, 34000);
INSERT INTO tblGuideTouristSpot(guideTouristSpot_seq, guide_id, touristSpot_seq, price)
    VALUES(NVL((SELECT MAX(guideTouristSpot_seq) FROM tblGuideTouristSpot)+1,1), 'G0018', 6, 36000);
INSERT INTO tblGuideTouristSpot(guideTouristSpot_seq, guide_id, touristSpot_seq, price)
    VALUES(NVL((SELECT MAX(guideTouristSpot_seq) FROM tblGuideTouristSpot)+1,1), 'G0019', 6, 30000); 

INSERT INTO tblGuideTouristSpot(guideTouristSpot_seq, guide_id, touristSpot_seq, price)
    VALUES(NVL((SELECT MAX(guideTouristSpot_seq) FROM tblGuideTouristSpot)+1,1), 'G0015', 7, 33000);
INSERT INTO tblGuideTouristSpot(guideTouristSpot_seq, guide_id, touristSpot_seq, price)
    VALUES(NVL((SELECT MAX(guideTouristSpot_seq) FROM tblGuideTouristSpot)+1,1), 'G0016', 7, 32000);
INSERT INTO tblGuideTouristSpot(guideTouristSpot_seq, guide_id, touristSpot_seq, price)
    VALUES(NVL((SELECT MAX(guideTouristSpot_seq) FROM tblGuideTouristSpot)+1,1), 'G0017', 7, 34000);
INSERT INTO tblGuideTouristSpot(guideTouristSpot_seq, guide_id, touristSpot_seq, price)
    VALUES(NVL((SELECT MAX(guideTouristSpot_seq) FROM tblGuideTouristSpot)+1,1), 'G0018', 7, 36000);
INSERT INTO tblGuideTouristSpot(guideTouristSpot_seq, guide_id, touristSpot_seq, price)
    VALUES(NVL((SELECT MAX(guideTouristSpot_seq) FROM tblGuideTouristSpot)+1,1), 'G0019', 7, 30000); 
    
INSERT INTO tblGuideTouristSpot(guideTouristSpot_seq, guide_id, touristSpot_seq, price)
    VALUES(NVL((SELECT MAX(guideTouristSpot_seq) FROM tblGuideTouristSpot)+1,1), 'G0015', 8, 33000);
INSERT INTO tblGuideTouristSpot(guideTouristSpot_seq, guide_id, touristSpot_seq, price)
    VALUES(NVL((SELECT MAX(guideTouristSpot_seq) FROM tblGuideTouristSpot)+1,1), 'G0016', 8, 32000);
INSERT INTO tblGuideTouristSpot(guideTouristSpot_seq, guide_id, touristSpot_seq, price)
    VALUES(NVL((SELECT MAX(guideTouristSpot_seq) FROM tblGuideTouristSpot)+1,1), 'G0017', 8, 34000);
INSERT INTO tblGuideTouristSpot(guideTouristSpot_seq, guide_id, touristSpot_seq, price)
    VALUES(NVL((SELECT MAX(guideTouristSpot_seq) FROM tblGuideTouristSpot)+1,1), 'G0018', 8, 36000);
INSERT INTO tblGuideTouristSpot(guideTouristSpot_seq, guide_id, touristSpot_seq, price)
    VALUES(NVL((SELECT MAX(guideTouristSpot_seq) FROM tblGuideTouristSpot)+1,1), 'G0019', 8, 30000); 
    
--4일차

INSERT INTO tblGuideTouristSpot(guideTouristSpot_seq, guide_id, touristSpot_seq, price)
    VALUES(NVL((SELECT MAX(guideTouristSpot_seq) FROM tblGuideTouristSpot)+1,1), 'G0020', 9, 33000);
INSERT INTO tblGuideTouristSpot(guideTouristSpot_seq, guide_id, touristSpot_seq, price)
    VALUES(NVL((SELECT MAX(guideTouristSpot_seq) FROM tblGuideTouristSpot)+1,1), 'G0021', 9, 32000);
INSERT INTO tblGuideTouristSpot(guideTouristSpot_seq, guide_id, touristSpot_seq, price)
    VALUES(NVL((SELECT MAX(guideTouristSpot_seq) FROM tblGuideTouristSpot)+1,1), 'G0022', 9, 34000);
INSERT INTO tblGuideTouristSpot(guideTouristSpot_seq, guide_id, touristSpot_seq, price)
    VALUES(NVL((SELECT MAX(guideTouristSpot_seq) FROM tblGuideTouristSpot)+1,1), 'G0023', 9, 36000);

--가이드의 추가 스케줄
INSERT INTO tblGuideSchedule(guideSchedule_seq, guide_id, issuedate, state) 
    VALUES(NVL((SELECT MAX(guideSchedule_seq) FROM tblGuideSchedule)+1,1), 'G0005', '2019-08-22', 1);
INSERT INTO tblGuideSchedule(guideSchedule_seq, guide_id, issuedate, state) 
    VALUES(NVL((SELECT MAX(guideSchedule_seq) FROM tblGuideSchedule)+1,1), 'G0006', '2019-08-22', 1);
INSERT INTO tblGuideSchedule(guideSchedule_seq, guide_id, issuedate, state) 
    VALUES(NVL((SELECT MAX(guideSchedule_seq) FROM tblGuideSchedule)+1,1), 'G0007', '2019-08-22', 1);
INSERT INTO tblGuideSchedule(guideSchedule_seq, guide_id, issuedate, state) 
    VALUES(NVL((SELECT MAX(guideSchedule_seq) FROM tblGuideSchedule)+1,1), 'G0008', '2019-08-22', 1);
INSERT INTO tblGuideSchedule(guideSchedule_seq, guide_id, issuedate, state) 
    VALUES(NVL((SELECT MAX(guideSchedule_seq) FROM tblGuideSchedule)+1,1), 'G0009', '2019-08-22', 1);

INSERT INTO tblGuideSchedule(guideSchedule_seq, guide_id, issuedate, state) 
    VALUES(NVL((SELECT MAX(guideSchedule_seq) FROM tblGuideSchedule)+1,1), 'G0010', '2019-08-23', 1);
INSERT INTO tblGuideSchedule(guideSchedule_seq, guide_id, issuedate, state) 
    VALUES(NVL((SELECT MAX(guideSchedule_seq) FROM tblGuideSchedule)+1,1), 'G0011', '2019-08-23', 1);
INSERT INTO tblGuideSchedule(guideSchedule_seq, guide_id, issuedate, state) 
    VALUES(NVL((SELECT MAX(guideSchedule_seq) FROM tblGuideSchedule)+1,1), 'G0012', '2019-08-23', 1);
INSERT INTO tblGuideSchedule(guideSchedule_seq, guide_id, issuedate, state) 
    VALUES(NVL((SELECT MAX(guideSchedule_seq) FROM tblGuideSchedule)+1,1), 'G0013', '2019-08-23', 1);
INSERT INTO tblGuideSchedule(guideSchedule_seq, guide_id, issuedate, state) 
    VALUES(NVL((SELECT MAX(guideSchedule_seq) FROM tblGuideSchedule)+1,1), 'G0014', '2019-08-23', 1);

INSERT INTO tblGuideSchedule(guideSchedule_seq, guide_id, issuedate, state) 
    VALUES(NVL((SELECT MAX(guideSchedule_seq) FROM tblGuideSchedule)+1,1), 'G0015', '2019-08-24', 1);
INSERT INTO tblGuideSchedule(guideSchedule_seq, guide_id, issuedate, state) 
    VALUES(NVL((SELECT MAX(guideSchedule_seq) FROM tblGuideSchedule)+1,1), 'G0016', '2019-08-24', 1);
INSERT INTO tblGuideSchedule(guideSchedule_seq, guide_id, issuedate, state) 
    VALUES(NVL((SELECT MAX(guideSchedule_seq) FROM tblGuideSchedule)+1,1), 'G0017', '2019-08-24', 1);
INSERT INTO tblGuideSchedule(guideSchedule_seq, guide_id, issuedate, state) 
    VALUES(NVL((SELECT MAX(guideSchedule_seq) FROM tblGuideSchedule)+1,1), 'G0018', '2019-08-24', 1);
INSERT INTO tblGuideSchedule(guideSchedule_seq, guide_id, issuedate, state) 
    VALUES(NVL((SELECT MAX(guideSchedule_seq) FROM tblGuideSchedule)+1,1), 'G0019', '2019-08-24', 1);

INSERT INTO tblGuideSchedule(guideSchedule_seq, guide_id, issuedate, state) 
    VALUES(NVL((SELECT MAX(guideSchedule_seq) FROM tblGuideSchedule)+1,1), 'G0020', '2019-08-25', 1);
INSERT INTO tblGuideSchedule(guideSchedule_seq, guide_id, issuedate, state) 
    VALUES(NVL((SELECT MAX(guideSchedule_seq) FROM tblGuideSchedule)+1,1), 'G0021', '2019-08-25', 1);
INSERT INTO tblGuideSchedule(guideSchedule_seq, guide_id, issuedate, state) 
    VALUES(NVL((SELECT MAX(guideSchedule_seq) FROM tblGuideSchedule)+1,1), 'G0022', '2019-08-25', 1);
INSERT INTO tblGuideSchedule(guideSchedule_seq, guide_id, issuedate, state) 
    VALUES(NVL((SELECT MAX(guideSchedule_seq) FROM tblGuideSchedule)+1,1), 'G0023', '2019-08-25', 1);

